{"sidebar-1":{"df-social-count-2":[],"recent-posts-widget-6":{"title":"Popular News","number":"4","orderby":"meta_value_num","show_thumb":"on","layout_style":"small","excerpt_size":"20"},"tag_cloud-3":{"title":"Tag Cloud","count":0,"taxonomy":"post_tag"},"media_image-4":{"attachment_id":1117,"url":"http:\/\/alchemists-wp.dan-fisher.com\/basketball\/wp-content\/uploads\/2018\/04\/banner-300x250.jpg","title":"Advertisement","size":"medium","width":300,"height":250,"caption":"","alt":"","link_type":"custom","link_url":"http:\/\/bit.ly\/2y4ZKHd","image_classes":"","link_classes":"","link_rel":"","link_target_blank":false,"image_title":""},"tabbed-widget-2":{"title":"Top Trending News","posts_newest_count":"3","posts_commented_count":"3","posts_popular_count":"3"}},"home-sidebar-1":{"sportspress-league-table-2":{"title":"","id":200,"caption":"Playoff Standings","number":8,"columns":["w","l","gb"],"show_team_logo":"1","show_full_table_link":"1","align":"none"},"df-social-count-3":[],"recent-posts-widget-7":{"title":"Popular News","number":"4","orderby":"meta_value_num","show_thumb":"on","layout_style":"small","excerpt_size":"20"},"widget-player-featured-2":{"title":"","caption":"","id":188,"team":0,"style_type":"style_type1","stat_type":"stat_compact","columns":["rpg","apg","spg"],"performance":["pts","reb","ast","stl","blk","ftm","to","pf"]},"widget-game-result-2":{"title":"","id":199,"caption":"Last Game Results","date":"default","date_from":"2017-06-26","date_to":"2017-06-26","day":"","number":1,"date_past":"7","date_future":"7","date_relative":null,"layout_style":"horizontal","show_stats":"on","expand_btn":null,"performance":[],"order":"default","team":0},"tabbed-widget-3":{"title":"Top Trending News","posts_newest_count":"5","posts_commented_count":"5","posts_popular_count":"5","popularity":"likes","show_thumb":null,"show_excerpt":"on","excerpt_size":"20"},"media_image-2":{"attachment_id":1117,"url":"http:\/\/alchemists-wp.dan-fisher.com\/basketball\/wp-content\/uploads\/2018\/04\/banner-300x250.jpg","title":"Advertisement","size":"medium","width":300,"height":250,"caption":"","alt":"","link_type":"custom","link_url":"http:\/\/bit.ly\/2y4ZKHd","image_classes":"","link_classes":"","link_rel":"","link_target_blank":false,"image_title":""},"mc4wp_form_widget-2":{"title":"Our Newsletter"},"sportspress-countdown-2":{"title":"Top Next Match","team":179,"caption":"","id":0,"show_venue":1,"show_league":1,"align":"none"}},"home-sidebar-2":{"sportspress-league-table-3":{"title":"","id":200,"caption":"Playoff Standings","number":8,"columns":["w","l","gb"],"show_team_logo":"1","show_full_table_link":"1","align":"none"},"df-social-count-4":[],"recent-posts-widget-8":{"title":"Popular News","number":"4","orderby":"meta_value_num","show_thumb":"on","layout_style":"small","excerpt_size":"20"},"widget-game-result-3":{"title":"","id":199,"caption":"Last Game Results","date":"default","date_from":"2017-06-26","date_to":"2017-06-26","day":"","number":1,"date_past":"7","date_future":"7","date_relative":null,"layout_style":"horizontal","show_stats":"on","expand_btn":"on","performance":[],"order":"default","team":0},"media_image-5":{"attachment_id":1117,"url":"http:\/\/alchemists-wp.dan-fisher.com\/basketball\/wp-content\/uploads\/2018\/04\/banner.jpg","title":"Advertisement","size":"full","width":300,"height":250,"caption":"","alt":"","link_type":"custom","link_url":"http:\/\/bit.ly\/2y4ZKHd","image_classes":"","link_classes":"","link_rel":"","link_target_blank":false,"image_title":""},"tabbed-widget-4":{"title":"Top Trending News","posts_newest_count":"3","posts_commented_count":"3","posts_popular_count":"3"},"sportspress-countdown-3":{"title":"Next Match","team":179,"caption":"","id":0,"show_venue":1,"show_league":1,"align":"none"}},"home-sidebar-3":{"sportspress-league-table-4":{"title":"","id":200,"caption":"Playoff Standings","number":8,"columns":["w","l","gb"],"show_team_logo":"1","show_full_table_link":"1","align":"none"},"df-social-count-5":[],"recent-posts-widget-9":{"title":"Popular News","number":"4","orderby":"meta_value_num","show_thumb":"on","layout_style":"small","excerpt_size":"20"},"widget-player-featured-3":{"title":"","caption":"Featured Player","id":188,"team":179,"style_type":"style_type2","stat_type":"stat_extended","columns":["spg","bpg","ppg"],"performance":["pts","ast","stl","blk","off","def","to","pf"]},"tabbed-widget-5":{"title":"Top Trending News","posts_newest_count":"4","posts_commented_count":"4","posts_popular_count":"4"},"sportspress-countdown-4":{"title":"Top Next Match","team":179,"caption":"","id":198,"show_venue":1,"show_league":1,"align":"none"},"comments-widget-2":{"title":"Latest Comments","comments_num":"3","excerpt":"20"},"twitter-widget-2":{"title":"Twitter Widget","twitter_id":"danfisher_dev","count":"3","consumer_key":"0Cm9Umv0uwG95QgGY1e1SkWNE","consumer_secret":"74j3XfezOPNkTqvJEVmspjubgFolBW6b7F2rIdPNtymzA2qQAC","access_token":"934210122-cQ9q3sh1TdFiWdgsYyuIvQt6dGuO8dBWJq0J2Kyo","access_token_secret":"kHykp0Z3dZniW6FHg6NS0Cfw9UlIxkkkQwXgW4GXZduaP","cachetime":"1","exclude_replies":"on"}},"megamenu-sidebar-1":{"recent-posts-widget-2":{"title":"","number":"1","orderby":"meta_value_num","show_thumb":null,"layout_style":"large","excerpt_size":"20"}},"megamenu-sidebar-2":{"recent-posts-widget-3":{"title":"","number":"3","orderby":"date","show_thumb":"on","layout_style":"small","excerpt_size":"15"}},"alchemists-sidebar-pushy-panel":{"recent-posts-widget-4":{"title":"","number":"2","orderby":"date","show_thumb":null,"layout_style":"large","excerpt_size":"25"},"tag_cloud-2":{"title":"Tag Cloud","count":0,"taxonomy":"post_tag"},"media_image-3":{"attachment_id":1117,"url":"http:\/\/alchemists-wp.dan-fisher.com\/basketball\/wp-content\/uploads\/2018\/04\/banner-300x250.jpg","title":"","size":"medium","width":300,"height":250,"caption":"","alt":"","link_type":"custom","link_url":"http:\/\/bit.ly\/2y4ZKHd","image_classes":"","link_classes":"","link_rel":"","link_target_blank":false,"image_title":""}},"alchemists-footer-widget-1":{"contact-info-widget-2":{"title":"Contact Info","desc":"Lorem ipsum dolor sit amet, consectetur adipisi nel elit, sed do eiusmod tempor incididunt ut labore et dolore.","label_1":"Contact Us","email_1":"info@alchemists.com","label_2":"Join Our Team","email_2":"tryouts@alchemists.com","soc_tw":"https:\/\/twitter.com\/danfisher_dev","soc_fb":"https:\/\/www.facebook.com\/danfisher.dev\/","soc_ggl":"#"}},"alchemists-footer-widget-2":{"recent-posts-widget-5":{"title":"Popular News","number":"3","orderby":"meta_value_num","show_thumb":null,"layout_style":"small","excerpt_size":"15"}},"alchemists-footer-widget-3":{"text-2":{"title":"Instagram Feed","text":"[instagram-feed num=6 cols=3 imagepadding=8 imageres=thumb disablemobile=true showheader=false showbutton=false]","filter":true,"visual":true}},"alchemists-shop-sidebar":{"woocommerce_product_categories-2":{"title":"Categories","orderby":"name","dropdown":0,"count":0,"hierarchical":1,"show_children_only":0,"hide_empty":0},"nm_color_filters-2":{"title":"Filter by Color","layout":"color","hide_empty":"","product_count":""},"woocommerce_layered_nav-2":{"title":"Filter by Size","attribute":"size","display_type":"list","query_type":"and"},"woocommerce_price_filter-2":{"title":"Filter by price"},"woocommerce_top_rated_products-2":{"title":"Hot Products","number":4}}}