{"sidebar-1":{"df-social-count-2":[],"recent-posts-widget-5":{"title":"Popular News","number":"4","orderby":"meta_value_num","show_thumb":"on","layout_style":"small","excerpt_size":"20","popularity":"likes","cat":"0","numbered":null},"tag_cloud-3":{"title":"Tag Cloud","count":0,"taxonomy":"post_tag"},"media_image-2":{"attachment_id":1264,"url":"http:\/\/alchemists-wp.dan-fisher.com\/soccer\/wp-content\/uploads\/2018\/04\/banner-300x250.jpg","title":"Advertisement","size":"medium","width":300,"height":250,"caption":"","alt":"","link_type":"custom","link_url":"http:\/\/bit.ly\/2y4ZKHd","image_classes":"","link_classes":"","link_rel":"","link_target_blank":false,"image_title":""},"tabbed-widget-2":{"title":"Top Trending News","posts_newest_count":"3","posts_commented_count":"3","posts_popular_count":"3"}},"home-sidebar-1":{"sportspress-league-table-2":{"title":"","id":56,"caption":"Primary League","number":8,"columns":["w","d","l","pts"],"show_team_logo":"1","show_full_table_link":"1","align":"none"},"df-social-count-3":[],"recent-posts-widget-8":{"title":"Popular News","number":"3","orderby":"meta_value_num","show_thumb":"on","layout_style":"small","excerpt_size":"20","cat":"0","popularity":"likes","numbered":null},"widget-player-featured-2":{"title":"","caption":"","id":39,"team":33,"style_type":"style_type1","stat_type":"stat_compact","columns":["appearances","gpg","apg","perf"],"performance":["goals","ck"],"progress_bars":["shpercent","passpercent"],"add_link":null},"widget-game-result-2":{"title":"","id":0,"caption":"Last Game Results","date":"range","date_from":"2016-03-05","date_to":"2016-03-05","day":"","number":1,"show_timeline":"on","date_past":"7","date_future":"7","date_relative":null,"layout_style":"horizontal","show_stats":"on"},"tabbed-widget-3":{"title":"Top Trending News","posts_newest_count":"3","posts_commented_count":"3","posts_popular_count":"3","popularity":"likes","show_thumb":null,"show_excerpt":"on","excerpt_size":"20"},"sportspress-countdown-2":{"title":"Next Match","team":33,"caption":"","id":0,"show_venue":1,"show_league":1,"align":"none"}},"megamenu-sidebar-1":{"recent-posts-widget-6":{"title":"","number":"1","orderby":"meta_value_num","show_thumb":null,"layout_style":"large","excerpt_size":"20"}},"megamenu-sidebar-2":{"recent-posts-widget-7":{"title":"","number":"3","orderby":"date","show_thumb":"on","layout_style":"small","excerpt_size":"20"}},"alchemists-sidebar-pushy-panel":{"recent-posts-widget-4":{"title":"","number":"4","orderby":"date","show_thumb":"on","layout_style":"small","excerpt_size":"20"},"tag_cloud-2":{"title":"Popular Tags","count":0,"taxonomy":"post_tag"},"media_image-3":{"attachment_id":1264,"url":"http:\/\/alchemists-wp.dan-fisher.com\/soccer\/wp-content\/uploads\/2018\/04\/banner-300x250.jpg","title":"","size":"medium","width":300,"height":250,"caption":"","alt":"","link_type":"custom","link_url":"http:\/\/bit.ly\/2y4ZKHd","image_classes":"","link_classes":"","link_rel":"","link_target_blank":false,"image_title":""}},"alchemists-footer-widget-1":{"contact-info-widget-2":{"title":"Contact Info","desc":"Lorem ipsum dolor sit amet, consectetur cing elit, sed do eiusmod tempor incididunt uten labore et dolore magna aliqua. Ut enim ad minim veniam.","label_1":"Contact Us","email_1":"info@alchemists.com","label_2":"Join Our Team","email_2":"tryouts@alchemists.com","soc_tw":"https:\/\/www.facebook.com\/danfisher.dev\/","soc_fb":"https:\/\/twitter.com\/danfisher_dev","soc_ggl":"#","soc_inst":""}},"alchemists-footer-widget-2":{"recent-posts-widget-2":{"title":"Popular News","number":"3","orderby":"meta_value_num","show_thumb":"on","layout_style":"small","excerpt_size":"20"}},"alchemists-footer-widget-3":{"recent-posts-widget-3":{"title":"Latest News","number":"3","orderby":"date","show_thumb":"on","layout_style":"small","excerpt_size":"20"}},"alchemists-footer-widget-4":{"text-2":{"title":"Quick Contact","text":"Lorem ipsum dolor sit amet, consectetur cing elit, sed do eiusmod tempor.\r\n\r\n[contact-form-7 id=\"7\" title=\"Quick Contact\"]","filter":true,"visual":true}},"alchemists-shop-sidebar":{"woocommerce_product_categories-2":{"title":"Categories","orderby":"name","dropdown":0,"count":0,"hierarchical":1,"show_children_only":0,"hide_empty":0},"nm_color_filters-2":{"title":"Filter by Color","layout":"color","hide_empty":"","product_count":""},"woocommerce_layered_nav-2":{"title":"Filter by Size","attribute":"size","display_type":"list","query_type":"and"},"woocommerce_price_filter-2":{"title":"Filter by price"},"woocommerce_top_rated_products-2":{"title":"Hot Products","number":3}}}