{"sidebar-1":{"df-social-count-1":[],"tabbed-widget-1":{"title":"Top Trending News","posts_newest_count":"5","posts_commented_count":"5","posts_popular_count":"5","popularity":"views","show_thumb":"on","show_excerpt":null,"excerpt_size":"20","thumb_size":"thumb-112x84"},"media_image-1":{"size":"full","width":300,"height":250,"caption":"","alt":"","link_type":"custom","link_url":"http:\/\/bit.ly\/alch-wp","image_classes":"","link_classes":"","link_rel":"","link_target_blank":false,"image_title":"","attachment_id":233,"url":"http:\/\/lol.alchemists.local\/wp-content\/uploads\/sites\/8\/2019\/12\/banner.jpg","title":"300X250 Banner"},"recent-posts-widget-1":{"title":"Latest News","number":"5","orderby":"date","popularity":"likes","cat":"0","show_thumb":"on","numbered":null,"layout_style":"small-wide-alt","excerpt_size":"16"}},"home-sidebar-1":{"sportspress-league-table-1":{"title":"","id":44,"caption":"League Standings","number":6,"columns":["wins","losses","winrate"],"show_team_logo":"1","show_full_table_link":"1","align":"none"},"tp_twitch_widget-2":{"title":"","streamer":"the_destroy,fayedbebop,crazzzy_80,g_huntress","game":"","language":"","max":"5","hide_offline":"","style":"","size":"large-first","preview":"image"},"widget-game-result-1":{"title":"","id":0,"caption":"Last Game Result","date":"0","date_from":"2020-01-27","date_to":"2020-01-27","date_past":"7","date_future":"7","date_relative":null,"day":"","number":1,"layout_style":"horizontal","show_stats":"on","expand_btn":null,"performance":["kills","deaths","assists","gold"],"order":"DESC"},"tabbed-widget-2":{"title":"Top Trending News","posts_newest_count":"4","posts_commented_count":"5","posts_popular_count":"5","popularity":"views","show_thumb":"on","thumb_size":"thumb-112x84","show_excerpt":null,"excerpt_size":"20"},"sportspress-event-calendar-1":{"title":"Events Calendar","id":0,"status":"default","date":"default","date_from":"2020-01-27","date_to":"2020-01-27","date_past":"7","date_future":"7","date_relative":null,"day":"","show_all_events_link":null,"align":"none"}},"home-sidebar-2":{"df-social-count-2":[],"widget-results-1":{"title":"","id":0,"caption":"Latest Results","status":"publish","date":"default","date_from":"2020-01-27","date_to":"2020-01-27","day":"","number":5,"order":"DESC","show_all_events_link":"1"},"tp_twitch_widget-3":{"title":"","streamer":"the_destroy,fayedbebop,crazzzy_80,g_huntress","game":"","language":"","max":"5","hide_offline":"","style":"","size":"large-first","preview":"image"},"widget-game-result-2":{"title":"","id":0,"caption":"Last Game Result","date":"default","date_from":"2020-01-27","date_to":"2020-01-27","date_past":"7","date_future":"7","date_relative":null,"day":"","number":1,"layout_style":"horizontal","show_stats":"on","expand_btn":null,"performance":["kills","deaths","assists","gold"],"order":"DESC"},"tabbed-widget-3":{"title":"Top Trending News","posts_newest_count":"5","posts_commented_count":"5","posts_popular_count":"5","popularity":"views","show_thumb":"on","thumb_size":"thumb-112x84","show_excerpt":null,"excerpt_size":"20"},"sportspress-event-calendar-2":{"title":"Event Calendar","id":0,"status":"default","date":"default","date_from":"2020-01-27","date_to":"2020-01-27","date_past":"7","date_future":"7","date_relative":null,"day":"","show_all_events_link":null,"align":"none"},"sportspress-countdown-1":{"title":"Next Game","calendar":0,"team":0,"caption":"","id":0,"show_venue":1,"show_league":1,"show_date":1,"align":"none"}},"megamenu-sidebar-1":{"recent-posts-widget-2":{"title":"","number":"3","orderby":"date","popularity":"likes","cat":"0","show_thumb":"on","numbered":null,"layout_style":"small-wide","excerpt_size":"20"}},"alchemists-sidebar-video":{"recent-videos-widget-1":{"title":"","number":"2","orderby":"date","popularity":"likes","type":"custom-post-type-video"}},"alchemists-footer-widget-1":{"nav_menu-1":{"title":"Useful Links","nav_menu":"94"}},"alchemists-footer-widget-2":{"nav_menu-2":{"title":"About Us","nav_menu":"94"}},"alchemists-footer-widget-3":{"recent-posts-widget-3":{"title":"Latest News","number":"2","orderby":"date","popularity":"likes","cat":"0","show_thumb":"on","numbered":null,"layout_style":"small-wide","excerpt_size":"20"}},"alchemists-footer-widget-4":{"recent-posts-widget-4":{"title":"Popular News","number":"2","orderby":"meta_value_num","popularity":"views","cat":"0","show_thumb":"on","numbered":null,"layout_style":"small-wide","excerpt_size":"20"}},"alchemists-shop-sidebar":{"woocommerce_product_categories-1":{"title":"Categories","orderby":"name","dropdown":0,"count":0,"hierarchical":1,"show_children_only":0,"hide_empty":0,"max_depth":""},"nm_color_filters-1":{"title":"Color Filters","layout":"color","hide_empty":"1","product_count":""},"woocommerce_layered_nav-1":{"title":"Filter by size","attribute":"size","display_type":"list","query_type":"and"},"woocommerce_price_filter-1":{"title":"Filter by price"},"woocommerce_top_rated_products-1":{"title":"Hot products","number":4}},"custom-sidebar-18":{"recent-videos-widget-3":{"title":"","number":"4","orderby":"date","type":"post-format","popularity":"likes"}}}