<wpml-config>
	<built-with-page-builder>/\[vc_row\]/</built-with-page-builder>
	<shortcode-list>vc_row,vc_empty_space,vc_separator,vc_column,vc_column_inner,vc_raw_html,vc_column_text,vc_text_separator,vc_message,vc_tta_accordion,vc_tta_section,vc_custom_heading,vc_btn,vc_cta,vc_single_image,vc_images_carousel,vc_widget_sidebar,vc_posts_slider,vc_video,vc_wp_search,vc_wp_meta,vc_wp_recentcomments,vc_wp_calendar,vc_wp_pages,vc_wp_tagcloud,vc_wp_custommenu,vc_wp_text,vc_wp_posts,vc_wp_categories,vc_wp_archives,vc_wp_rss,vc_hoverbox,vc_accordion,vc_accordion_tab,vc_basic_grid,vc_button,vc_button2,vc_carousel,vc_cta_button,vc_cta_button2,vc_masonry_grid,vc_masonry_media_grid,vc_media_grid,vc_posts_grid,vc_tab,vc_tabs,vc_tour,contact-form-7,ult_buttons,ult_countdown,ult_dualbutton,ultimate_exp_section,ultimate_fancytext,icon_counter,ultimate_google_map,ultimate_heading,ultimate_ctation,ult_hotspot_items,icon_timeline_sep,icon_timeline_item,icon_timeline_feat,single_icon,ultimate_img_separator,ult_ihover_item,ultimate_info_banner,bsf-info-box,info_circle_item,info_list_item,info_list_item,ultimate_info_table,interactive_banner_2,interactive_banner,just_icon,ult_createlink,ultimate_icon_list_item,ultimate_modal,ultimate_pricing,stat_counter,swatch_container,swatch_item,ult_tab_element,single_tab,ult_team,ultimate_video_banner</shortcode-list>
	<shortcodes>
		<shortcode>
			<tag>vc_column_text</tag>
		</shortcode>
		<shortcode>
			<tag>vc_text_separator</tag>
			<attributes>
				<attribute encoding="allow_html_tags">title</attribute>
			</attributes>
		</shortcode>
		<shortcode>
			<tag>vc_message</tag>
		</shortcode>
		<shortcode>
			<tag>vc_tta_accordion</tag>
			<attributes>
				<attribute encoding="allow_html_tags">title</attribute>
			</attributes>
		</shortcode>
		<shortcode>
			<tag>vc_tta_section</tag>
			<attributes>
				<attribute encoding="allow_html_tags">title</attribute>
			</attributes>
		</shortcode>
		<shortcode>
			<tag>vc_custom_heading</tag>
			<attributes>
				<attribute encoding="allow_html_tags">text</attribute>
				<attribute encoding="vc_link" type="link">link</attribute>
			</attributes>
		</shortcode>
		<shortcode>
			<tag>vc_btn</tag>
			<attributes>
				<attribute encoding="allow_html_tags">title</attribute>
				<attribute encoding="vc_link" type="link">link</attribute>
			</attributes>
		</shortcode>
		<shortcode>
			<tag>vc_cta</tag>
			<attributes>
				<attribute encoding="allow_html_tags">h2</attribute>
				<attribute encoding="allow_html_tags">h4</attribute>
				<attribute encoding="allow_html_tags">btn_title</attribute>
				<attribute encoding="vc_link" type="link">btn_link</attribute>
				<attribute encoding="vc_link" type="link">i_link</attribute>
			</attributes>
		</shortcode>
		<shortcode>
			<tag>vc_single_image</tag>
			<attributes>
				<attribute encoding="allow_html_tags">title</attribute>
				<attribute type="media-ids">image</attribute>
			</attributes>
		</shortcode>
		<shortcode>
			<tag>vc_images_carousel</tag>
			<attributes>
				<attribute encoding="allow_html_tags">title</attribute>
				<attribute encoding="vc_safe">custom_links</attribute>
				<attribute type="media-ids">images</attribute>
			</attributes>
		</shortcode>
		<shortcode>
			<tag>vc_widget_sidebar</tag>
			<attributes>
				<attribute encoding="allow_html_tags">title</attribute>
			</attributes>
		</shortcode>
		<shortcode>
			<tag>vc_posts_slider</tag>
			<attributes>
				<attribute encoding="allow_html_tags">title</attribute>
			</attributes>
		</shortcode>
		<shortcode>
			<tag>vc_video</tag>
			<attributes>
				<attribute encoding="allow_html_tags">title</attribute>
			</attributes>
		</shortcode>
		<shortcode>
			<tag>vc_wp_search</tag>
			<attributes>
				<attribute encoding="allow_html_tags">title</attribute>
			</attributes>
		</shortcode>
		<shortcode>
			<tag>vc_wp_meta</tag>
			<attributes>
				<attribute encoding="allow_html_tags">title</attribute>
			</attributes>
		</shortcode>
		<shortcode>
			<tag>vc_wp_recentcomments</tag>
			<attributes>
				<attribute encoding="allow_html_tags">title</attribute>
			</attributes>
		</shortcode>
		<shortcode>
			<tag>vc_wp_calendar</tag>
			<attributes>
				<attribute encoding="allow_html_tags">title</attribute>
			</attributes>
		</shortcode>
		<shortcode>
			<tag>vc_wp_pages</tag>
			<attributes>
				<attribute encoding="allow_html_tags">title</attribute>
			</attributes>
		</shortcode>
		<shortcode>
			<tag>vc_wp_tagcloud</tag>
			<attributes>
				<attribute encoding="allow_html_tags">title</attribute>
			</attributes>
		</shortcode>
		<shortcode>
			<tag>vc_wp_custommenu</tag>
			<attributes>
				<attribute encoding="allow_html_tags">title</attribute>
			</attributes>
		</shortcode>
		<shortcode>
			<tag>vc_wp_text</tag>
			<attributes>
				<attribute encoding="allow_html_tags">title</attribute>
			</attributes>
		</shortcode>
		<shortcode>
			<tag>vc_wp_posts</tag>
			<attributes>
				<attribute encoding="allow_html_tags">title</attribute>
			</attributes>
		</shortcode>
		<shortcode>
			<tag>vc_wp_categories</tag>
			<attributes>
				<attribute encoding="allow_html_tags">title</attribute>
			</attributes>
		</shortcode>
		<shortcode>
			<tag>vc_wp_archives</tag>
			<attributes>
				<attribute encoding="allow_html_tags">title</attribute>
			</attributes>
		</shortcode>
		<shortcode>
			<tag>vc_wp_rss</tag>
				<attributes>
					<attribute encoding="allow_html_tags">title</attribute>
				</attributes>
		</shortcode>
		<shortcode>
			<tag>vc_hoverbox</tag>
			<attributes>
				<attribute encoding="allow_html_tags">primary_title</attribute>
				<attribute encoding="vc_link" type="link">primary_title_link</attribute>
				<attribute encoding="allow_html_tags">hover_title</attribute>
				<attribute>content</attribute>
				<attribute encoding="vc_link" type="link">hover_title_link</attribute>
				<attribute encoding="allow_html_tags">hover_btn_title</attribute>
				<attribute encoding="vc_link" type="link">hover_btn_link</attribute>
				<attribute type="media-ids">image</attribute>
			</attributes>
		</shortcode>
		<shortcode>
			<tag>vc_accordion</tag>
			<attributes>
				<attribute encoding="allow_html_tags">title</attribute>
			</attributes>
		</shortcode>
		<shortcode>
			<tag>vc_accordion_tab</tag>
			<attributes>
				<attribute encoding="allow_html_tags">title</attribute>
			</attributes>
		</shortcode>
		<shortcode>
			<tag>vc_basic_grid</tag>
			<attributes>
				<attribute encoding="allow_html_tags">btn_custom_text</attribute>
			</attributes>
		</shortcode>
		<shortcode>
			<tag>vc_button</tag>
			<attributes>
				<attribute encoding="allow_html_tags">title</attribute>
				<attribute encoding="vc_link" type="link">href</attribute>
			</attributes>
		</shortcode>
		<shortcode>
			<tag>vc_button2</tag>
			<attributes>
				<attribute encoding="vc_link" type="link">link</attribute>
				<attribute encoding="allow_html_tags">title</attribute>
			</attributes>
		</shortcode>
		<shortcode>
			<tag>vc_carousel</tag>
			<attributes>
				<attribute encoding="allow_html_tags">title</attribute>
			</attributes>
		</shortcode>
		<shortcode>
			<tag>vc_cta_button</tag>
			<attributes>
				<attribute>call_text</attribute>
				<attribute encoding="allow_html_tags">title</attribute>
				<attribute encoding="vc_link" type="link">href</attribute>
			</attributes>
		</shortcode>
		<shortcode>
			<tag>vc_cta_button2</tag>
			<attributes>
				<attribute encoding="allow_html_tags">h2</attribute>
				<attribute encoding="allow_html_tags">h4</attribute>
				<attribute encoding="vc_link" type="link">link</attribute>
				<attribute encoding="allow_html_tags">title</attribute>
			</attributes>
		</shortcode>
		<shortcode>
			<tag>vc_masonry_grid</tag>
			<attributes>
				<attribute encoding="allow_html_tags">btn_title</attribute>
				<attribute>btn_outline_custom_hover_text</attribute>
			</attributes>
		</shortcode>
		<shortcode>
			<tag>vc_masonry_media_grid</tag>
			<attributes>
				<attribute encoding="allow_html_tags">btn_title</attribute>
				<attribute>btn_custom_text</attribute>
				<attribute>btn_outline_custom_hover_text</attribute>
				<attribute type="media-ids">include</attribute>
			</attributes>
		</shortcode>
		<shortcode>
			<tag>vc_media_grid</tag>
			<attributes>
				<attribute encoding="allow_html_tags">btn_title</attribute>
				<attribute>btn_custom_text</attribute>
				<attribute>btn_outline_custom_hover_text</attribute>
				<attribute type="media-ids">include</attribute>
			</attributes>
		</shortcode>
		<shortcode>
			<tag>vc_posts_grid</tag>
			<attributes>
				<attribute encoding="allow_html_tags">title</attribute>
			</attributes>
		</shortcode>
		<shortcode>
			<tag>vc_tab</tag>
			<attributes>
				<attribute encoding="allow_html_tags">title</attribute>
			</attributes>
		</shortcode>
		<shortcode>
			<tag>vc_tabs</tag>
			<attributes>
				<attribute encoding="allow_html_tags">title</attribute>
			</attributes>
		</shortcode>
		<shortcode>
			<tag>vc_tour</tag>
			<attributes>
				<attribute encoding="allow_html_tags">title</attribute>
			</attributes>
		</shortcode>
		<shortcode>
			<tag>contact-form-7</tag>
			<attributes>
				<attribute>id</attribute>
			</attributes>
		</shortcode>
		<shortcode>
			<tag raw-html="1" encoding="base64">vc_raw_html</tag>
		</shortcode>
		<shortcode>
			<tag raw-html="1" encoding="base64">md_live_text</tag>
		</shortcode>
		<shortcode>
			<tag>vc_column_inner</tag>
			<attributes>
				<attribute type="link">column_link</attribute>
			</attributes>
		</shortcode>
		<shortcode>
			<tag>vc_column</tag>
			<attributes>
				<attribute type="link">column_link</attribute>
			</attributes>
		</shortcode>

		<shortcode>
			<tag>alc_images_carousel</tag>
			<attributes>
				<attribute encoding="allow_html_tags">title</attribute>
			</attributes>
		</shortcode>
		<shortcode>
			<tag>alc_achievements</tag>
			<attributes>
				<attribute encoding="allow_html_tags">title</attribute>
				<attribute type="area" encoding="urlencoded_json">items</attribute>
				<attribute type="area" encoding="urlencoded_json">sub_items</attribute>
			</attributes>
		</shortcode>
		<shortcode>
			<tag>alc_newslog</tag>
			<attributes>
				<attribute encoding="allow_html_tags">title</attribute>
			</attributes>
		</shortcode>
		<shortcode>
			<tag>alc_newslog_item</tag>
			<attributes>
				<attribute encoding="allow_html_tags">title</attribute>
				<attribute>content</attribute>
			</attributes>
		</shortcode>
		<shortcode>
			<tag>alc_social_buttons</tag>
			<attributes>
				<attribute type="area" encoding="urlencoded_json">values</attribute>
			</attributes>
		</shortcode>
		<shortcode>
			<tag>alc_twitch</tag>
		</shortcode>
		<shortcode>
			<tag>alc_post_loop</tag>
			<attributes>
				<attribute encoding="allow_html_tags">title</attribute>
				<attribute encoding="vc_link" type="link">link</attribute>
			</attributes>
		</shortcode>
		<shortcode>
			<tag>alc_post_grid</tag>
			<attributes>
				<attribute encoding="allow_html_tags">title</attribute>
				<attribute encoding="vc_link" type="link">link</attribute>
			</attributes>
		</shortcode>
		<shortcode>
			<tag>alc_post_slider</tag>
			<attributes>
				<attribute encoding="allow_html_tags">title</attribute>
			</attributes>
		</shortcode>
		<shortcode>
			<tag>alc_post_carousel</tag>
		</shortcode>
		<shortcode>
			<tag>alc_featured_post</tag>
			<attributes>
				<attribute>content</attribute>
				<attribute encoding="allow_html_tags">custom_excerpt</attribute>
				<attribute encoding="vc_link" type="link">btn</attribute>
				<attribute encoding="allow_html_tags">custom_date</attribute>
			</attributes>
		</shortcode>
		<shortcode>
			<tag>alc_text_ticker</tag>
			<attributes>
				<attribute encoding="allow_html_tags">title</attribute>
			</attributes>
		</shortcode>
		<shortcode>
			<tag>alc_post_grid_slider</tag>
			<attributes>
				<attribute encoding="allow_html_tags">title</attribute>
			</attributes>
		</shortcode>
		<shortcode>
			<tag>alc_btn</tag>
			<attributes>
				<attribute encoding="allow_html_tags">title</attribute>
				<attribute encoding="vc_link" type="link">link</attribute>
			</attributes>
		</shortcode>
		<shortcode>
			<tag>alc_icobox</tag>
			<attributes>
				<attribute encoding="allow_html_tags">title</attribute>
				<attribute encoding="allow_html_tags">description</attribute>
				<attribute encoding="vc_link" type="link">link</attribute>
			</attributes>
		</shortcode>
		<shortcode>
			<tag>alc_alert</tag>
			<attributes>
				<attribute>content</attribute>
			</attributes>
		</shortcode>
		<shortcode>
			<tag>alc_box</tag>
			<attributes>
				<attribute encoding="allow_html_tags">title</attribute>
			</attributes>
		</shortcode>
		<shortcode>
			<tag>alc_box_info</tag>
			<attributes>
				<attribute encoding="allow_html_tags">title</attribute>
				<attribute>content</attribute>
				<attribute type="area" encoding="urlencoded_json">values</attribute>
			</attributes>
		</shortcode>
		<shortcode>
			<tag>alc_dl</tag>
			<attributes>
				<attribute encoding="allow_html_tags">title</attribute>
				<attribute type="area" encoding="urlencoded_json">values</attribute>
				<attribute>content</attribute>
			</attributes>
		</shortcode>
		<shortcode>
			<tag>alc_jumbotron</tag>
			<attributes>
				<attribute encoding="allow_html_tags">title</attribute>
				<attribute encoding="allow_html_tags">subtitle</attribute>
				<attribute encoding="allow_html_tags">description</attribute>
				<attribute encoding="vc_link" type="link">link</attribute>
			</attributes>
		</shortcode>
		<shortcode>
			<tag>alc_accordion</tag>
		</shortcode>
		<shortcode>
			<tag>alc_accordion_item</tag>
			<attributes>
				<attribute encoding="allow_html_tags">title</attribute>
				<attribute>content</attribute>
			</attributes>
		</shortcode>
		<shortcode>
			<tag>alc_woo_banner</tag>
			<attributes>
				<attribute encoding="allow_html_tags">title</attribute>
				<attribute encoding="allow_html_tags">subtitle</attribute>
				<attribute encoding="allow_html_tags">subtitle_2</attribute>
				<attribute encoding="vc_link" type="link">link</attribute>
				<attribute encoding="allow_html_tags">discount_txt</attribute>
				<attribute encoding="allow_html_tags">discount_price</attribute>
			</attributes>
		</shortcode>
		<shortcode>
			<tag>alc_albums</tag>
		</shortcode>
		<shortcode>
			<tag>alc_content_filter</tag>
			<attributes>
				<attribute type="area" encoding="urlencoded_json">values</attribute>
			</attributes>
		</shortcode>
		<shortcode>
			<tag>alc_sponsor</tag>
			<attributes>
				<attribute type="area" encoding="urlencoded_json">social_links</attribute>
				<attribute>content</attribute>
				<attribute encoding="vc_link" type="link">link</attribute>
			</attributes>
		</shortcode>
		<shortcode>
			<tag>alc_event_blocks_sm</tag>
			<attributes>
				<attribute encoding="allow_html_tags">caption</attribute>
			</attributes>
		</shortcode>
		<shortcode>
			<tag>alc_event_scoreboard</tag>
			<attributes>
				<attribute encoding="allow_html_tags">title</attribute>
				<attribute encoding="vc_link" type="link">link</attribute>
			</attributes>
		</shortcode>
		<shortcode>
			<tag>alc_games_history</tag>
			<attributes>
				<attribute encoding="allow_html_tags">title</attribute>
				<attribute encoding="allow_html_tags">label_won</attribute>
				<attribute encoding="allow_html_tags">label_lost</attribute>
				<attribute encoding="allow_html_tags">label_draw</attribute>
			</attributes>
		</shortcode>
		<shortcode>
			<tag>alc_team_stats</tag>
			<attributes>
				<attribute encoding="allow_html_tags">title</attribute>
				<attribute type="area" encoding="urlencoded_json">values</attribute>
			</attributes>
		</shortcode>
		<shortcode>
			<tag>alc_team_points_history</tag>
			<attributes>
				<attribute encoding="allow_html_tags">title</attribute>
			</attributes>
		</shortcode>
		<shortcode>
			<tag>alc_team_leaders</tag>
			<attributes>
				<attribute encoding="allow_html_tags">title</attribute>
				<attribute type="area" encoding="urlencoded_json">values</attribute>
			</attributes>
		</shortcode>
		<shortcode>
			<tag>alc_staff_bio_card</tag>
			<attributes>
				<attribute encoding="allow_html_tags">title</attribute>
				<attribute encoding="vc_link" type="link">link</attribute>
			</attributes>
		</shortcode>
		<shortcode>
			<tag>alc_player_stats</tag>
			<attributes>
				<attribute encoding="allow_html_tags">title</attribute>
				<attribute type="area" encoding="urlencoded_json">values_primary</attribute>
				<attribute type="area" encoding="urlencoded_json">values</attribute>
				<attribute type="area" encoding="urlencoded_json">values_equation</attribute>
			</attributes>
		</shortcode>
		<shortcode>
			<tag>alc_player_stats_chart</tag>
			<attributes>
				<attribute encoding="allow_html_tags">title</attribute>
				<attribute type="area" encoding="urlencoded_json">values_primary</attribute>
			</attributes>
		</shortcode>
		<shortcode>
			<tag>alc_player_stats_grid</tag>
			<attributes>
				<attribute encoding="allow_html_tags">title</attribute>
				<attribute type="area" encoding="urlencoded_json">player_stats</attribute>
			</attributes>
		</shortcode>
		<shortcode>
			<tag>alc_player_gbg_stats</tag>
			<attributes>
				<attribute encoding="allow_html_tags">title</attribute>
			</attributes>
		</shortcode>
		<shortcode>
			<tag>alc_player_stats_graph_log</tag>
			<attributes>
				<attribute encoding="allow_html_tags">title</attribute>
				<attribute type="area" encoding="urlencoded_json">values_primary</attribute>
			</attributes>
		</shortcode>
		<shortcode>
			<tag>alc_roster_slider</tag>
		</shortcode>
		<shortcode>
			<tag>alc_roster_blocks</tag>
		</shortcode>
		<shortcode>
			<tag>alc_roster_carousel</tag>
			<attributes>
				<attribute encoding="allow_html_tags">title</attribute>
			</attributes>
		</shortcode>
		<shortcode>
			<tag>alc_sponsor_cards</tag>
		</shortcode>
		<shortcode>
			<tag>alc_roster_cards</tag>
		</shortcode>
	</shortcodes>
	<admin-texts>
		<key name="alchemists_data">
			<key name="alchemists__header-secondary-info-1-label" />
			<key name="alchemists__header-secondary-info-2-label" />
			<key name="alchemists__opt-page-heading-hero-title" />
			<key name="alchemists__opt-page-heading-hero-subtitle" />
			<key name="alchemists__opt-page-heading-hero-desc" />
			<key name="alchemists__opt-page-heading-hero-btn-txt" />
			<key name="alchemists__footer-secondary-copyright" />
			<key name="alchemists__opt-404-page-heading" />
			<key name="alchemists__opt-404-page-title" />
			<key name="alchemists__opt-404-page-subtitle" />
			<key name="alchemists__opt-404-desc" />
			<key name="alchemists__opt-404-btn-txt" />
			<key name="alchemists__opt-404-btn-link" />
			<key name="alchemists__opt-404-btn-secondary-txt" />
			<key name="alchemists__opt-404-btn-secondary-link" />
			<key name="alchemists__team-subpages-label--overview" />
			<key name="alchemists__team-subpages-label--roster" />
			<key name="alchemists__team-subpages-slug--roster" />
			<key name="alchemists__team-subpages-label--standings" />
			<key name="alchemists__team-subpages-slug--standings" />
			<key name="alchemists__team-subpages-label--results" />
			<key name="alchemists__team-subpages-slug--results" />
			<key name="alchemists__team-subpages-label--schedule" />
			<key name="alchemists__team-subpages-slug--schedule" />
			<key name="alchemists__team-subpages-label--gallery" />
			<key name="alchemists__team-subpages-slug--gallery" />
			<key name="alchemists__player-subpages-label--overview" />
			<key name="alchemists__player-subpages-label--stats" />
			<key name="alchemists__player-subpages-slug--stats" />
			<key name="alchemists__player-subpages-label--bio" />
			<key name="alchemists__player-subpages-slug--bio" />
			<key name="alchemists__player-subpages-label--news" />
			<key name="alchemists__player-subpages-slug--news" />
			<key name="alchemists__player-subpages-label--gallery" />
			<key name="alchemists__player-subpages-slug--gallery" />
		</key>
	</admin-texts>
	<custom-types>
		<custom-type translate="1">albums</custom-type>
		<custom-type translate="1">product</custom-type>
	</custom-types>
</wpml-config>
