{"anps_slider_home_page":"","anps_error_page":"0","anps_excerpt_length":"40","anps_scroll_to_top":"","anps_portfolio_slug":"","anps_portfolio_single":"style-1","anps_team_slug":"","anps_team_single_page":"","anps_post_meta_comments":"1","anps_post_meta_categories":"","anps_post_meta_author":"","anps_post_meta_date":"1","anps_post_meta_comments_single":"1","anps_post_meta_categories_single":"1","anps_post_meta_author_single":"1","anps_post_meta_date_single":"1","anps_post_meta_tags_single":"1","anps_global_menu_type":"vertical-layout","anps_home_classic_menu_type":"style2","anps_front_text_color":"ffffff","anps_front_bg_color":"16242e","anps_front_text_hover_color":"3498db","anps_above_menu_bg_color":"","anps_logo_bg_color":"","anps_front_menu_center":"1","anps_front_topbar_color":"","anps_front_transparent_header":"1","anps_classic_header_height":"80","anps_set_settings_as_global_header":"","anps_menu_button":"","anps_menu_button_text":"Get a quote","anps_menu_button_url":"#","anps_menu_button_target":"0","anps_large_above_nav_style":"0","anps_global_transparent_header":"","anps_global_menu_center":"0","anps_global_text_color":"","anps_global_text_hover_color":"","anps_global_topbar_color":"","anps_vertical_divider_color":"","anps_vertical_menu_background":"","anps_global_topmenu_style":"2","anps_global_top_bar_style":"0","anps_global_above_nav_bar":"1","anps_sticky_menu":"1","anps_sticky_menu_mobile":"1","anps_global_search_icon_mobile":"1","anps_global_search_icon":"1","anps_global_menu_walker":"1","anps_logo_background":"1","anps_page_heading_bg":"","anps_search_content_bg":"","anps_enable_footer":"1","anps_footer_design":"default","anps_footer_style":"4","anps_copyright_footer":"2","anps_footer_style_fixed":"0","anps_mobile_footer_columns":"0","anps_footer_disable":"","anps_shopping_cart_header":"shop_only","anps_woo_products_layout":"col-md-3","anps_products_per_page":"12","anps_product_zoom":"1","anps_product_lightbox":"1","anps_product_thumb_slider":"","anps_logo":"http:\/\/astudio.si\/dummy-content\/industrial_demos\/e-1\/wp-content\/uploads\/2020\/03\/industrial-logo-2-1.png","anps_logo_height":"","anps_front_logo":"","anps_front_logo_height":"","anps_sticky_logo":"","anps_sticky_logo_height":"","anps_sticky_transparent_logo":"","anps_sticky_transparent_logo_height":"","anps_mobile_logo":"http:\/\/astudio.si\/dummy-content\/industrial_demos\/e-1\/wp-content\/uploads\/2020\/03\/industrial-logoV2-2-1.png","anps_front_mobile_logo":"","anps_favicon":"http:\/\/astudio.si\/dummy-content\/industrial_demos\/e-1\/wp-content\/uploads\/2020\/03\/favicon-2-1.png","anps_home_screen_icon":"","anps_text_logo":"","anps_text_logo_font":"Arial, Helvetica, sans-serif|System fonts","anps_text_color":"898989","anps_primary_color":"3498db","anps_hovers_color":"2a76a9","anps_headings_color":"000000","anps_main_divider_color":"3498db","anps_important_bg_color":"69cd72","anps_important_text_color":"32853a","anps_primary_text_top":"ffffff","anps_mobile_toolbar_color":"","anps_menu_text_color":"000000","anps_menu_bg_color":"ffffff","anps_page_header_background_color":"f8f9f9","anps_page_title":"4e4e4e","anps_top_bar_color":"8c8c8c","anps_top_bar_bg_color":"16242e","anps_submenu_background_color":"ffffff","anps_submenu_text_color":"8c8c8c","anps_submenu_text_hover_color":"fff","anps_submenu_divider_color":"ececec","anps_woo_cart_items_number_bg_color":"3daaf3","anps_woo_cart_items_number_color":"2f4d60","anps_footer_bg_color":"171717","anps_footer_text_color":"7f7f7f","anps_footer_border_color":"2e2e2e","anps_footer_heading_text_color":"ffffff","anps_c_footer_text_color":"9C9C9C","anps_c_footer_bg_color":"","anps_normal_button_bg":"3498db","anps_normal_button_color":"ffffff","anps_normal_button_hover_bg":"2a76a9","anps_normal_button_hover_color":"ffffff","anps_gradient_button_bg":"3498db","anps_gradient_button_color":"ffffff","anps_gradient_button_hover_bg":"2a76a9","anps_gradient_button_hover_color":"ffffff","anps_dark_button_bg":"242424","anps_dark_button_color":"ffffff","anps_dark_button_hover_bg":"ffffff","anps_dark_button_hover_color":"242424","anps_light_button_bg":"ffffff","anps_light_button_color":"242424","anps_light_button_hover_bg":"242424","anps_light_button_hover_color":"ffffff","anps_minimal_button_color":"3498db","anps_minimal_button_hover_color":"2a76a9","anps_is_boxed":"","anps_pattern":"0","anps_custom_pattern":"","anps_bg_color":"transparent","anps_shadows":"","anps_page_sidebar_left":"0","anps_page_sidebar_right":"0","anps_page_sidebar_after":"","anps_page_sidebar_hide":"","anps_post_sidebar_left":"0","anps_post_sidebar_right":"0","anps_post_sidebar_after":"","anps_post_sidebar_hide":"","anps_heading_status":"1","anps_breadcrumbs_status":"1","anps_page_comments":"1","anps_blog_columns":"col-md-12","anps_vc_column_class":"md","anps_custom_css":""}