{"anps_is_boxed":"","anps_pattern":"3","anps_custom_pattern":"","anps_bg_color":"transparent","anps_page_sidebar_left":"0","anps_page_sidebar_right":"0","anps_post_sidebar_left":"0","anps_post_sidebar_right":"0","anps_heading_status":"1","anps_breadcrumbs_status":"1","anps_page_comments":"1","anps_blog_columns":"col-md-12","anps_menu_button":"1","anps_menu_button_text":"Get a quote","anps_menu_button_url":"#","anps_important_bg_color":"69cd72","anps_important_text_color":"32853a","anps_classic_header_height":"80","anps_shadows":"","anps_text_color":"898989","anps_primary_color":"3498db","anps_hovers_color":"2a76a9","anps_menu_text_color":"000000","anps_menu_bg_color":"ffffff","anps_headings_color":"000000","anps_top_bar_color":"8c8c8c","anps_top_bar_bg_color":"16242e","anps_footer_bg_color":"171717","anps_copyright_footer_bg_color":"2c2c2c","anps_footer_text_color":"7f7f7f","anps_footer_heading_text_color":"ffffff","anps_c_footer_text_color":"9C9C9C","anps_page_header_background_color":"f8f9f9","anps_page_title":"4e4e4e","anps_submenu_background_color":"ffffff","anps_submenu_text_color":"8c8c8c","anps_submenu_divider_color":"#ececec","anps_primary_text_top":"ffffff","anps_woo_cart_items_number_bg_color":"3daaf3","anps_woo_cart_items_number_color":"2f4d60","anps_normal_button_bg":"3498db","anps_normal_button_color":"ffffff","anps_normal_button_hover_bg":"2a76a9","anps_normal_button_hover_color":"ffffff","anps_gradient_button_bg":"3498db","anps_gradient_button_color":"ffffff","anps_gradient_button_hover_bg":"2a76a9","anps_gradient_button_hover_color":"ffffff","anps_dark_button_bg":"242424","anps_dark_button_color":"ffffff","anps_dark_button_hover_bg":"ffffff","anps_dark_button_hover_color":"242424","anps_light_button_bg":"ffffff","anps_light_button_color":"242424","anps_light_button_hover_bg":"242424","anps_light_button_hover_color":"ffffff","anps_minimal_button_color":"3498db","anps_minimal_button_hover_color":"2a76a9","anps_global_menu_type":"vertical-layout","anps_home_classic_menu_type":"top","anps_front_text_color":"","anps_front_bg_color":"","anps_front_text_hover_color":"","anps_front_menu_center":"","anps_front_topbar_color":"","anps_front_transparent_header":"1","anps_set_settings_as_global_header":"","anps_global_transparent_header":"","anps_global_menu_center":"","anps_global_text_color":"","anps_global_text_hover_color":"","anps_global_topbar_color":"","anps_vertical_text_color":"","anps_vertical_bg_color":"","anps_vertical_text_hover_color":"","anps_vertical_menu_background":"","anps_sticky_menu":"1","anps_global_search_icon_mobile":"1","anps_global_search_icon":"1","anps_global_menu_walker":"1","anps_page_heading_bg":"","anps_search_content_bg":"","anps_logo_height":"","anps_front_logo_height":"","anps_sticky_logo_height":"","anps_sticky_transparent_logo":"","anps_sticky_transparent_logo_height":"","anps_global_topmenu_style":"2","anps_global_above_nav_bar":"1","anps_shopping_cart_header":"shop_only","anps_logo":"http:\/\/anpsthemes.com\/industrial\/demo-3\/wp-content\/uploads\/2016\/02\/industrial-logoV2.png","anps_front_logo":"","anps_sticky_logo":"","anps_mobile_logo":"http:\/\/anpsthemes.com\/industrial\/demo-3\/wp-content\/uploads\/2016\/02\/industrial-logoV2.png","anps_favicon":"http:\/\/anpsthemes.com\/industrial\/demo-3\/wp-content\/uploads\/2016\/04\/favicon.png","anps_dummy":"1","anps_copyright_footer":"2","anps_post_meta_categories":"","anps_post_meta_author":"","anps_page_setup":"a:1:{s:10:\"error_page\";N;}","anps_logo_background":"1","anps_submenu_text_hover_color":"fff","anps_main_divider_color":"3498db"}