{"anps_home_classic_menu_type":"style2","anps_menu_button":"1","anps_menu_button_text":"Get a quote","anps_menu_button_url":"#","anps_global_topmenu_style":"2","anps_global_above_nav_bar":"1","anps_logo":"http:\/\/anpsthemes.com\/industrial\/demo-1\/wp-content\/uploads\/2016\/03\/logo.png","anps_mobile_logo":"http:\/\/anpsthemes.com\/industrial\/demo-1\/wp-content\/uploads\/2016\/02\/industrial-logoV2.png","anps_favicon":"http:\/\/anpsthemes.com\/industrial\/demo-1\/wp-content\/uploads\/2016\/04\/favicon.png","anps_shopping_cart_header":"shop_only","anps_dummy":"1","anps_copyright_footer":"2","anps_post_meta_categories":"","anps_post_meta_author":"","anps_page_setup":"a:1:{s:10:\"error_page\";N;}"}