{"last_tab":"1","alchemists__opt-logo-standard":{"url":"","id":"","height":"","width":"","thumbnail":"","title":"","caption":"","alt":"","description":""},"alchemists__opt-logo-retina":{"url":"","id":"","height":"","width":"","thumbnail":"","title":"","caption":"","alt":"","description":""},"alchemists__opt-logo-width":{"width":"","units":"px"},"alchemists__opt-logo-width-mobile":{"width":"","units":"px"},"alchemists__opt-logo-position":"0","alchemists__opt-logo-position-desktop":{"right":"0","bottom":"0","units":"px"},"alchemists__opt-logo-position-mobile":{"right":"0","bottom":"5px","units":"px"},"alchemists__opt-logo-mobile":"0","alchemists__opt-logo-mobile-standard":{"url":"","id":"","height":"","width":"","thumbnail":"","title":"","caption":"","alt":"","description":""},"alchemists__opt-logo-mobile-retina":{"url":"","id":"","height":"","width":"","thumbnail":"","title":"","caption":"","alt":"","description":""},"alchemists__header-layout":"layout-1","alchemists__header-top-bar":"1","alchemists__header-top-bar-links":"1","alchemists__header-top-bar-divider-type":"slash","alchemists__header-primary-height":"62","alchemists__header-primary-nav-padding":"0","alchemists__header-primary-nav-padding-desktop":{"padding-right":"34px","padding-left":"34px","units":"px"},"alchemists__header-primary-nav-padding-tablet":{"padding-right":"20px","padding-left":"20px","units":"px"},"alchemists__mobile-nav-fullwidth":"0","alchemists__mobile-nav-width":"270","alchemists__header-secondary":"1","alchemists__header-secondary-info-1":"1","alchemists__header-secondary-info-1-label":"Join Our Team!","alchemists__header-secondary-info-1-email":"tryouts@alchemists.com","alchemists__header-secondary-info-1-txt":"","alchemists__header-secondary-info-1-icon-custom":"","alchemists__header-secondary-info-2":"1","alchemists__header-secondary-info-2-label":"Contact Us","alchemists__header-secondary-info-2-email":"info@alchemists.com","alchemists__header-secondary-info-2-txt":"","alchemists__header-secondary-info-2-icon-custom":"","alchemists__header-shopping-cart":"1","alchemists__header-shopping-cart-on-action":"on_hover","alchemists__header-shopping-cart-icon-custom":"","alchemists__header-banner":"0","alchemists__header-banner-image":{"url":"","id":"","height":"","width":"","thumbnail":"","title":"","caption":"","alt":"","description":""},"alchemists__header-banner-link":"#","alchemists__header-banner-target":"1","alchemists__header-tertiary":"0","alchemists__header-tertiary-height":"62","alchemists__header-tertiary-heading":"Heading","alchemists__header-tertiary-toggle":"More","alchemists__header-primary-social":"1","alchemists__header-social-position":"header_primary","alchemists__header-primary-social-links":{"Facebook URL":"#","Twitter URL":"#","Google+ URL":"#","LinkedIn URL":"","Instagram URL":"","Github URL":"","VK URL":"","YouTube URL":"","Pinterest URL":"","Tumblr URL":"","Dribbble URL":"","Vimeo URL":"","Flickr URL":"","Yelp URL":"","Telegram URL":"","Snapchat URL":"","Twitch URL":"","Faceit URL":"","Steam URL":"","Discord URL":"","Mixer URL":"","Email":"","RSS":""},"alchemists__header-search-form":"1","alchemists__header-search-form-posiiton":"header_secondary","alchemists__header-search-form-width":"0","alchemists__header-search-form-width-desktop":"360","alchemists__header-search-form-width-tablet":"200","alchemists__header-pushy-panel":"1","alchemists__header-pushy-panel-logo":"1","alchemists__opt-logo-pushy-standard":{"url":"","id":"","height":"","width":"","thumbnail":"","title":"","caption":"","alt":"","description":""},"alchemists__opt-logo-pushy-retina":{"url":"","id":"","height":"","width":"","thumbnail":"","title":"","caption":"","alt":"","description":""},"alchemists__opt-logo-pushy-width":{"width":"","units":"px"},"alchemists__page-title-layout":"1","alchemists__opt-page-title-spacing-on":"0","alchemists__opt-page-title-spacing-desktop":{"padding-top":"110px","padding-bottom":"106px","units":"px"},"alchemists__opt-page-title-spacing-tablet":{"padding-top":"50px","padding-bottom":"50px","units":"px"},"alchemists__opt-page-title-spacing-mobile":{"padding-top":"50px","padding-bottom":"50px","units":"px"},"alchemists__opt-page-title-display":"1","alchemists__opt-page-title-tag":"h1","alchemists__opt-page-title-highlight":"1","alchemists__opt-page-title-breadcrumbs":"1","alchemists__page-title-background":{"background-color":"","background-repeat":"","background-size":"","background-attachment":"","background-position":"","background-image":"","media":{"id":"","height":"","width":"","thumbnail":""}},"alchemists__opt-page-title-overlay-on":"1","alchemists__opt-paget-title-overlay":{"background-color":"","background-repeat":"","background-size":"","background-attachment":"","background-position":"","background-image":"","media":{"id":"","height":"","width":"","thumbnail":""}},"alchemists__opt-paget-title-overlay-opacity-on":"0","alchemists__opt-paget-title-overlay-opacity":"40","alchemists__opt-page-title-duotone":"0","alchemists__opt-page-title-duotone-color":"primary","alchemists__opt-page-title-duotone-color-1":{"background-color":""},"alchemists__opt-page-title-duotone-color-2":{"background-color":""},"alchemists__custom_breadcrumbs":"","alchemists__opt-page-title-breadcrumbs-color":{"regular":"#fff","hover":"#ffdc11","active":"#ffdc11"},"alchemists__opt-page-title-breadcrumbs-txt-color":"#9a9da2","alchemists__opt-page-title-breadcrumbs-sep-color":"#9a9da2","alchemists__opt-page-heading-hero-title":"The <span class=\"text-primary\">Alchemists<\/span>","alchemists__opt-page-heading-hero-subtitle":"Elric Bros School","alchemists__opt-page-heading-hero-desc":"Lorem ipsum dolor sit amet, consectetur adipisi nel elit, sed do eiusmod tempor incididunt ut labore et dolore.","alchemists__opt-page-heading-hero-btn":"1","alchemists__opt-page-heading-hero-btn-txt":"Read More","alchemists__opt-page-heading-hero-btn-link":"#","alchemists__opt-page-heading-hero-btn-target":"0","alchemists__opt-page-heading-hero-btn-type":"outline","alchemists__opt-page-heading-hero-btn-class":"","alchemists__opt-page-heading-hero-bg":{"background-color":"#27313b","background-repeat":"no-repeat","background-size":"cover","background-attachment":"inherit","background-position":"center top","background-image":"http:\/\/alchemists-wp.dan-fisher.com\/basketball\/wp-content\/themes\/alchemists\/assets\/images\/header_bg.jpg","media":{"id":"","height":"","width":"","thumbnail":""}},"alchemists__opt-page-heading-hero-title-color":"","alchemists__opt-page-heading-hero-subtitle-color":"","alchemists__opt-page-heading-hero-desc-color":"","alchemists__opt-page-heading-hero-stars":"1","alchemists__opt-page-heading-hero-stars-color":"","alchemists__opt-page-heading-hero-height":{"height":"","units":"px"},"alchemists__opt-page-heading-hero-height-sm":{"height":"","units":"px"},"alchemists__opt-page-heading-hero-img":"1","alchemists__opt-page-heading-hero-img-upload":{"url":"","id":"","height":"","width":"","thumbnail":"","title":"","caption":"","alt":"","description":""},"alchemists__opt-page-heading-hero-align":"left","alchemists__hero-posts-slider--per-page":"3","alchemists__hero-posts-slider--orderby":"date","alchemists__hero-posts-slider--order":"DESC","alchemists__hero-posts-autoplay":"1","alchemists__hero-posts-autoplay-speed":"8","alchemists__hero-posts-slider--nav":"thumbs","alchemists__hero-posts-slider--nav-num":"3","alchemists__hero-posts-title":"1","alchemists__hero-posts-meta":"1","alchemists__hero-posts-author":"1","alchemists__hero-posts-category":"1","alchemists__hero-posts-thumb-category":"1","alchemists__hero-posts-link-slide":"0","alchemists__hero-posts-height":"0","alchemists__hero-posts-height-desktop":{"height":"","units":"px"},"alchemists__hero-posts-height-tablet-landscape":{"height":"","units":"px"},"alchemists__hero-posts-height-tablet-portrait":{"height":"","units":"px"},"alchemists__hero-posts-height-mobile":{"height":"","units":"px"},"alchemists__hero-posts-slider--overlay":"simple","alchemists__hero-posts-slider--overlay-color":"0","alchemists__hero-posts-slider--overlay-color-customize":{"color":"#000","alpha":"0.6","rgba":"rgba(0,0,0,0.6)"},"alchemists__hero-posts-slider--featured-image":"0","alchemists__hero-posts-slider--featured-image-upload":{"url":"","id":"","height":"","width":"","thumbnail":"","title":"","caption":"","alt":"","description":""},"alchemists__opt-blog-filter":"1","alchemists__blog-filter-type":"fullwidth","alchemists__posts-filter-sorter":{"enabled":{"placebo":"placebo","filter__category":"Categories","filter__orderby":"Order By","filter__order":"Order","filter__author":"Author"},"disabled":{"placebo":"placebo"}},"alchemists__blog-posts-style":"2","alchemists__opt-social-counters":"1","alchemists__opt-social-counters-fb":"2","alchemists__opt-social-counters-twitter":"4","alchemists__opt-social-counters-gplus":"8","alchemists__opt-social-counters-instagram":"0","alchemists__opt-social-counters-twitch":"0","alchemists__opt-social-fb-url":"","alchemists__opt-social-tw-url":"","alchemists__opt-social-gplus-url":"","alchemists__opt-social-insta-url":"","alchemists__opt-social-twitch-url":"","alchemists__blog-post-author":"1","alchemists__blog-post-likes":"1","alchemists__blog-post-views":"1","alchemists__blog-post-comments":"1","alchemists__blog-post-og":"1","alchemists__blog-sidebar":"1","alchemists__posts-categories":"1","alchemists__categories-group-1":["33"],"alchemists__categories-group-2":["42"],"alchemists__categories-group-3":["40"],"alchemists__single-post-sidebar":"1","alchemists__opt-single-post-layout":"1","alchemists__opt-single-post-title-tag":"h1","alchemists__hero-single-post--overlay":"simple","alchemists__hero-single-post--overlay-color":"0","alchemists__hero-single-post--overlay-color-customize":{"color":"#000","alpha":"0.6","rgba":"rgba(0,0,0,0.6)"},"alchemists__opt-single-post-featured-img":"1","alchemists__opt-single-post-tags":"1","alchemists__opt-single-post-tags-type":"buttons","alchemists__opt-single-post-social":"1","alchemists__opt-single-post-social-sorter":{"enabled":{"placebo":"placebo","social_facebook":"Facebook","social_twitter":"Twitter","social_google-plus":"Google+"},"disabled":{"placebo":"placebo","social_linkedin":"Linkedin","social_vk":"VK","social_ok":"Odnoklassniki","social_whatsapp":"WhatsApp","social_viber":"Viber","social_telegram":"Telegram"}},"alchemists__opt-single-post-author":"1","alchemists__opt-single-post-author-email":"1","alchemists__opt-single-post-author-site":"1","alchemists__opt-single-post-navigation":"1","alchemists__opt-single-post-navigation-type":"default","alchemists__opt-content-padding-on":"0","alchemists__opt-content-padding-desktop":{"padding-top":"60px","padding-bottom":"60px","units":"px"},"alchemists__opt-content-padding-tablet":{"padding-top":"60px","padding-bottom":"60px","units":"px"},"alchemists__opt-content-padding-mobile":{"padding-top":"30px","padding-bottom":"30px","units":"px"},"alchemists__opt-footer-logo":"1","alchemists__opt-logo-footer-standard":{"url":"","id":"","height":"","width":"","thumbnail":"","title":"","caption":"","alt":"","description":""},"alchemists__opt-logo-footer-retina":{"url":"","id":"","height":"","width":"","thumbnail":"","title":"","caption":"","alt":"","description":""},"alchemists__opt-footer-widgets":"1","alchemists__opt-footer-widgets-layout":"1","alchemists__opt-secondary":"1","alchemists__footer-secondary-copyright-layout":"nav","alchemists__footer-secondary-copyright":"<a href=\"http:\/\/bit.ly\/alch-wp\" target=\"_blank\" rel=\"noopener\">The Alchemists<\/a> 2019 \u00a0 | \u00a0 All Rights Reserved","alchemists__footer-secondary-social-links":{"Facebook":"#","Twitter":"#","LinkedIn":"","Instagram":"#","Github":"","VK":"","YouTube":"#","Pinterest":"","Tumblr":"","Dribbble":"#","Vimeo":"","Flickr":"","Yelp":"","Telegram":"","Snapchat":"","Twitch":"#","Faceit":"","Steam":"","Discord":"","Mixer":""},"alchemists__footer-sponsors":"0","alchemists__footer-position":"after_widgets","alchemists__footer-sponsors-title":"Our Sponsors:","alchemists__footer-sponsors-images":"","alchemists__color-preset":"1","color-primary":"#ffdc11","color-primary-darken":"#ffcc00","color-dark":"#1e2024","color-dark-2":"#282840","color-dark-lighten":"#292c31","color-gray":"#9a9da2","color-2":"#31404b","color-3":"#ff7e1f","color-4":"#9a66ca","color-4-darken":"#9fe900","alchemists__body-bg":{"background-color":"","background-repeat":"","background-size":"","background-attachment":"","background-position":"","background-image":"","media":{"id":"","height":"","width":"","thumbnail":""}},"alchemists__card-bg":"","alchemists__card-header-bg":"","alchemists__card-subheader-bg":"","alchemists__card-border-color":"","alchemists__link-color":{"regular":"","hover":""},"alchemists__custom_heading_link_color":{"regular":"","hover":""},"alchemists__button_outline_txt_color":{"regular":"","hover":""},"alchemists__button_outline_bg_color":{"regular":"","hover":""},"alchemists__button_outline_border_color":{"regular":"","hover":""},"alchemists__button_default_txt_color":{"regular":""},"alchemists__button_default_bg_color":{"regular":"","hover":""},"alchemists__button_default_alt_txt_color":{"regular":""},"alchemists__button_default_alt_bg_color":{"regular":"","hover":""},"alchemists__button_primary_txt_color":{"regular":""},"alchemists__button_primary_bg_color":{"regular":"","hover":""},"alchemists__button_primary_inverse_txt_color":{"regular":""},"alchemists__button_primary_inverse_bg_color":{"regular":"","hover":""},"alchemists__form-control":{"regular":"","active":""},"alchemists__form-control-border":{"regular":"","active":""},"alchemists__form-control-placeholder":"","alchemists__form-control-txt":{"regular":"","active":""},"alchemists__table-bg":"","alchemists__table-bg-hover":"","alchemists__table-bg-active":"","alchemists__table-border-color":"","alchemists__table-thead-bg-color":"","alchemists__table-thead-color":"","alchemists__table-highlight-color":"","alchemists__header-top-bar-bg":"","alchemists__header-top-bar-link-color":"","alchemists__header-top-bar-highlight":"","alchemists__header-top-bar-text-color":"","alchemists__header-top-bar-divider-color":"","alchemists__header-top-bar-dropdown-color":"","alchemists__header-top-bar-dropdown-bg":"","alchemists__header-top-bar-dropdown-border-color":"","alchemists__header-top-bar-dropdown-link-color":{"regular":"","hover":""},"alchemists__header-primary-bg":"","alchemists__header-primary-font-color":{"regular":"","hover":""},"alchemists__header-primary-border-height":{"height":"","units":"px"},"alchemists__header-primary-border-color":"","alchemists__header-primary-dropdown-caret-color":"","alchemists__header-primary-submenu-bg":"","alchemists__header-primary-submenu-border-color":"","alchemists__header-primary-submenu-link-color":{"regular":"","hover":""},"alchemists__header-primary-submenu-hover-bg-color":"","alchemists__header-primary-submenu-dropdown-caret-color":"","alchemists__header-primary-megamenu-txt-color":"","alchemists__header-primary-megamenu-widget-meta-color":{"regular":"","hover":""},"alchemists__header-primary-megamenu-link-color":{"regular":"","hover":""},"alchemists__header-primary-megamenu-title-color":"","alchemists__header-primary-megamenu-post-title-color":"","alchemists__header-primary-social-link-color":{"regular":"","hover":""},"alchemists__header-secondary-bg":"","alchemists__header-info-block-color":"","alchemists__header-info-block-title-color":"","alchemists__header-info-link-color":{"regular":"","hover":""},"alchemists__header-info-block-cart-sum-color":"","alchemists__header-tertiary-bg":"","alchemists__header-tertiary-heading-color":"","alchemists__header-tertiary-toggle-color":"","alchemists__header-tertiary-nav-link-color":{"regular":"","hover":""},"alchemists__header-tertiary-border-height":{"height":"","units":"px"},"alchemists__header-tertiary-border-color":"","alchemists__header-tertiary-background-color":"","alchemists__header-tertiary-submenu-bg":"","alchemists__header-tertiary-submenu-border-color":"","alchemists__header-tertiary-submenu-link-color":{"regular":"","hover":""},"alchemists__header-tertiary-mobile-link-color":"","alchemists__header-tertiary-mobile-border":"","alchemists__header-tertiary-mobile-sub-bg":"","alchemists__header-tertiary-mobile-sub-link-color":"","alchemists__header-search-form-desktop-bg":{"regular":"","active":""},"alchemists__header-search-form-desktop-border":{"regular":"","active":""},"alchemists__header-search-form-desktop-txt":{"regular":"","active":""},"alchemists__header-search-form-submit-icon-color":{"regular":"","hover":""},"alchemists__header-search-form-mobile-bg":{"regular":"","active":""},"alchemists__header-search-form-mobile-border":{"regular":"","active":""},"alchemists__header-search-form-mobile-txt":{"regular":"","active":""},"alchemists__header-search-form-mobile-submit-icon-color":{"regular":"","active":""},"alchemists__header-search-form-mobile-submit-trigger-icon-color":"","alchemists__mobile-header-bg":"","alchemists__header-primary-mobile-nav-bg":"","alchemists__header-primary-mobile-burger-icon-color":"","alchemists__header-primary-mobile-link-color":"","alchemists__header-primary-mobile-border-color":"","alchemists__header-primary-mobile-dropdown-caret-color":"","alchemists__header-primary-mobile-dropdown-caret-background-color":"","alchemists__header-primary-mobile-sub-bg":"","alchemists__header-primary-mobile-sub-link-color":"","alchemists__header-primary-mobile-sub-dropdown-caret-color":"","alchemists__header-info-link-color-mobile":{"regular":"","hover":""},"alchemists__header-info-block-cart-sum-color-mobile":"","alchemists__pushy-panel-color":"light","alchemists__pushy-panel-custom-bg-color":"","alchemists__content-content-filter":{"regular":"","hover":"","active":""},"alchemists__blog-cat-group-1":"","alchemists__blog-cat-group-1-txt-color":"","alchemists__blog-cat-group-2":"","alchemists__blog-cat-group-2-txt-color":"","alchemists__blog-cat-group-3":"","alchemists__blog-cat-group-3-txt-color":"","alchemists__blog-cat-group-4":"","alchemists__blog-cat-group-4-txt-color":"","alchemists__blog-cat-group-5":"","alchemists__blog-cat-group-5-txt-color":"","alchemists__blog-cat-group-6":"","alchemists__blog-cat-group-6-txt-color":"","alchemists__blog-cat-group-7":"","alchemists__blog-cat-group-7-txt-color":"","alchemists__blog-cat-group-8":"","alchemists__blog-cat-group-8-txt-color":"","alchemists__blog-cat-group-9":"","alchemists__blog-cat-group-9-txt-color":"","alchemists__blog-cat-group-10":"","alchemists__blog-cat-group-10-txt-color":"","alchemists__blog-cat-group-11":"","alchemists__blog-cat-group-11-txt-color":"","alchemists__blog-cat-group-12":"","alchemists__blog-cat-group-12-txt-color":"","alchemists__footer-widgets-bg":{"background-color":"","background-repeat":"","background-size":"","background-attachment":"","background-position":"","background-image":"","media":{"id":"","height":"","width":"","thumbnail":""}},"alchemists__footer-widgets--overlay":"off","alchemists__footer-widgets--overlay-color":"0","alchemists__footer-widgets--overlay-color-customize":{"color":"#000","alpha":"0.6","rgba":"rgba(0,0,0,0.6)"},"alchemists__footer-secondary-bg":"","alchemists__footer-side-decoration-bg":"","alchemists__footer-secondary-border-color":"","alchemists__footer-sponsors-bg-color":"","alchemists__footer-widgets-list-link-color":{"regular":"","hover":""},"alchemists__custom_body_font":"","alchemists__typography-body":{"font-family":"","font-options":"","google":"1","font-weight":"","font-style":"","subsets":"","font-size":"","line-height":"","color":""},"alchemists__custom_body_font_mobile":"","alchemists__typography-body-mobile":{"font-size":"","line-height":""},"alchemists__custom_heading_font":"","font-family-accent":{"font-family":"Montserrat","font-options":"","google":"1","subsets":""},"headings-typography":{"font-family":"Montserrat","font-options":"","google":"1","subsets":"","color":"#31404b"},"alchemists__custom_heading_fonts_separately":"","typography-h1":{"font-family":"","font-options":"","google":"1","font-weight":"","font-style":"","subsets":"","text-transform":"","font-size":"","color":""},"typography-h2":{"font-family":"","font-options":"","google":"1","font-weight":"","font-style":"","subsets":"","text-transform":"","font-size":"","color":""},"typography-h3":{"font-family":"","font-options":"","google":"1","font-weight":"","font-style":"","subsets":"","text-transform":"","font-size":"","color":""},"typography-h4":{"font-family":"","font-options":"","google":"1","font-weight":"","font-style":"","subsets":"","text-transform":"","font-size":"","color":""},"typography-h5":{"font-family":"","font-options":"","google":"1","font-weight":"","font-style":"","subsets":"","text-transform":"","font-size":"","color":""},"typography-h6":{"font-family":"","font-options":"","google":"1","font-weight":"","font-style":"","subsets":"","text-transform":"","font-size":"","color":""},"alchemists__custom_nav-font":"","alchemists__nav-font":{"font-family":"","font-options":"","google":"1","font-weight":"","font-style":"","subsets":"","text-transform":"","font-size":""},"alchemists__nav-font-sub":{"font-family":"","font-options":"","google":"1","font-weight":"","font-style":"","subsets":"","text-transform":"","font-size":""},"alchemists__custom_nav-mobile-font":{"font-size":""},"alchemists__custom_nav-mobile-font-submenu":{"font-size":""},"alchemists__custom_nav-mobile-font-subsubmenu":{"font-size":""},"alchemists__custom_nav-secondary-font":"","alchemists__nav-secondary-font-heading":{"font-family":"","font-options":"","google":"1","font-weight":"","font-style":"","subsets":"","text-transform":"","font-size":""},"alchemists__nav-secondary-font-toggle":{"font-family":"","font-options":"","google":"1","font-weight":"","font-style":"","subsets":"","text-transform":"","font-size":""},"alchemists__nav-secondary-font":{"font-family":"","font-options":"","google":"1","font-weight":"","font-style":"","subsets":"","text-transform":"","font-size":""},"alchemists__nav-secondary-font-sub":{"font-family":"","font-options":"","google":"1","font-weight":"","font-style":"","subsets":"","text-transform":"","font-size":""},"alchemists__custom_nav-secondary-heading-mobile-font":{"font-size":""},"alchemists__custom_nav-secondary-mobile-font":{"font-size":""},"alchemists__custom_nav-secondary-mobile-font-submenu":{"font-size":""},"alchemists__custom_nav-secondary-mobile-font-subsubmenu":{"font-size":""},"alchemists__custom-page-title-on":"","alchemists__custom-page-title":{"font-weight":"","font-style":"","text-align":"","text-transform":"","font-size":"","line-height":"","color":""},"alchemists__custom-post-titles-on":"","alchemists__custom-post-titles":{"font-weight":"","font-style":"","text-transform":"","line-height":""},"alchemists__custom-card-titles-on":"","alchemists__custom-card-titles":{"font-family":"","font-options":"","google":"1","font-weight":"","font-style":"","subsets":"","text-transform":"","font-size":"","line-height":"","color":""},"alchemists__custom_footer-widget-titles":"","alchemists__footer-widget-titles":{"font-family":"","font-options":"","google":"1","font-weight":"","font-style":"","subsets":"","text-align":"","text-transform":"","font-size":"","line-height":"","color":""},"alchemists__custom_footer-widget-txt":"","alchemists__footer-widget-txt":{"font-family":"","font-options":"","google":"1","font-weight":"","font-style":"","subsets":"","text-transform":"","font-size":"","line-height":"","color":""},"alchemists__custom_footer-widget-lists":"","alchemists__footer-widget-list":{"font-family":"","font-options":"","google":"1","font-weight":"","font-style":"","subsets":"","text-transform":"","font-size":"","line-height":""},"alchemists__opt-pageloader":"1","alchemists__opt-custom_pageloader":"","alchemists__opt-preloader-bg":"","alchemists__opt-preloader-size":{"width":"","units":"px"},"alchemists__opt-preloader-color":"","alchemists__opt-preloader-color-secondary":"","alchemists__opt-preloader-spin-duration":"0.8","alchemists__opt-preloader-img":"","alchemists__opt-preloader-img-url":{"url":"","id":"","height":"","width":"","thumbnail":"","title":"","caption":"","alt":"","description":""},"alchemists__opt-404-image":{"url":"","id":"","height":"","width":"","thumbnail":"","title":"","caption":"","alt":"","description":""},"alchemists__opt-404-page-heading":"","alchemists__opt-404-page-title":"","alchemists__opt-404-page-subtitle":"","alchemists__opt-404-desc":"","alchemists__opt-404-btn":"1","alchemists__opt-404-btn-txt":"","alchemists__opt-404-btn-link":"","alchemists__opt-404-btn-secondary":"1","alchemists__opt-404-btn-secondary-txt":"","alchemists__opt-404-btn-secondary-link":"","alchemists__player-sp-event-progress-bars":"0","alchemists__player-sp-event-circular-bars":"0","alchemists__player-sp-event-circular-bars-custom-format":"","alchemists__player-sp-event-game-stats":"0","alchemists__player-sp-event-game-stats-title":"","alchemists__player-sp-event-timeline":"1","alchemists__player-sp-event-game-timeline-type":"horizontal","alchemists__team-nav-type":"fullwidth","alchemists__team-subpages":{"enabled":{"placebo":"placebo","overview":"Overview","roster":"Roster","standings":"Standings","results":"Latest Results","schedule":"Schedule","gallery":"Gallery"},"disabled":{"placebo":"placebo"}},"alchemists__team-subpages-label--overview":"Overview","alchemists__team-subpages-slug--overview":"overview","alchemists__team-subpages-label--roster":"Roster","alchemists__team-subpages-slug--roster":"roster","alchemists__team-subpages-label--standings":"Standings","alchemists__team-subpages-slug--standings":"standings","alchemists__team-subpages-label--results":"Latest Results","alchemists__team-subpages-slug--results":"results","alchemists__team-subpages-label--schedule":"Schedule","alchemists__team-subpages-slug--schedule":"schedule","alchemists__team-subpages-label--gallery":"Gallery","alchemists__team-subpages-slug--gallery":"gallery","alchemists__team-subpages-label--subtitle":"1","alchemists__team-subpages-label--subtitle-custom":"","alchemists__team-results-type":"list","alchemists__team-schedule-type":"list","alchemists__team-gallery-type":"img_top","alchemists__player-page-header-layout":"fullwidth","alchemists__player-title-player-bg-on":"0","alchemists__player-title-player-bg":{"background-repeat":"","background-size":"","background-attachment":"","background-position":"","background-image":"","media":{"id":"","height":"","width":"","thumbnail":""}},"alchemists__player-title-stats-boxed":"0","alchemists__player-title-progress-bars-boxed":"0","alchemists__player-title-stat-cards-boxed":"0","alchemists__player-title-stat-cards-cols-boxed":"4cols","alchemists__player-title-custom":"0","alchemists__player-title-background":{"background-color":"","background-repeat":"","background-size":"","background-attachment":"","background-position":"","background-image":"","media":{"id":"","height":"","width":"","thumbnail":""}},"alchemists__player-title-overlay-on":"1","alchemists__player-title-overlay":{"background-color":"","background-repeat":"","background-size":"","background-attachment":"","background-position":"","background-image":"","media":{"id":"","height":"","width":"","thumbnail":""}},"alchemists__player-info-layout":"horizontal","alchemists__player-title-metrics":"0","alchemists__player-title-stats":"0","alchemists__player-title-performance":"0","alchemists__player-title-radar":"0","alchemists__player-title-progress-bars":"0","alchemists__player-team-logo":"0","alchemists__player-team-logo-opacity":"10","alchemists__player-subpages":{"enabled":{"placebo":"placebo","overview":"Overview","stats":"Statistics","bio":"Biography","news":"Related News","gallery":"Gallery"},"disabled":{"placebo":"placebo"}},"alchemists__player-subpages-label--overview":"Overview","alchemists__player-subpages-slug--overview":"overview","alchemists__player-subpages-label--stats":"Full Statistics","alchemists__player-subpages-slug--stats":"stats","alchemists__player-subpages-label--bio":"Biography","alchemists__player-subpages-slug--bio":"bio","alchemists__player-subpages-label--news":"Related News","alchemists__player-subpages-slug--news":"news","alchemists__player-subpages-label--gallery":"Gallery","alchemists__player-subpages-slug--gallery":"gallery","alchemists__player-subpages-label--subtitle":"1","alchemists__player-subpages-label--subtitle-custom":"","alchemists__player-gallery-layout":"fullwidth","alchemists__album-layout":"fixed","alchemists__video-post-formats-separation":"0","alchemists__shop-account-nav-type":"vertical","alchemists__shop-sidebar":"left_sidebar","alchemists__single-shop-sidebar":"no_sidebar","alchemists__shop-related-columns":"4","alchemists__product-gradient":"1","alchemists__shop-related-per-page":"4","alchemists__custom-css":"","alchemists__mobile-header-fixed":0,"alchemists__mobile-nav-height":100,"alchemists__opt-social-counters-youtube":0,"alchemists__footer-sponsors-layout":"default","alchemists__footer-sponsors-slidestoshow":"6","alchemists__footer-sponsors-autoplay":1,"alchemists__footer-sponsors-autoplay-speed":8,"alchemists__footer-sponsors-arrows":1,"alchemists__header-top-bar-social-link-opacity":60,"redux-backup":1}