{"sidebar-1":{"df-social-count-2":[],"recent-posts-widget-1":{"title":"Popular News","number":"5","orderby":"meta_value_num","cat":"0","show_thumb":null,"numbered":"on","layout_style":"small","excerpt_size":"20"},"tag_cloud-1":{"title":"Tags","count":0,"taxonomy":"post_tag"},"media_image-1":{"attachment_id":1398,"url":"http:\/\/alchemists-wp.dan-fisher.com\/football\/wp-content\/uploads\/2018\/02\/banner-300x250.jpg","title":"Ad Spot","size":"medium","width":300,"height":250,"caption":"","alt":"","link_type":"custom","link_url":"http:\/\/bit.ly\/2y4ZKHd","image_classes":"","link_classes":"","link_rel":"","link_target_blank":false,"image_title":""},"tabbed-widget-2":{"title":"Top Trending News","posts_newest_count":"2","posts_commented_count":"2","posts_popular_count":"2","popularity":"likes","show_thumb":null,"thumb_size":"thumb-80x80","show_excerpt":"on","excerpt_size":"16"}},"home-sidebar-1":{"sportspress-league-table-1":{"title":"","id":63,"caption":"West League 2017","number":8,"columns":["w","l","t","pf","pa"],"show_team_logo":"1","show_full_table_link":"1","align":"none"},"df-social-count-3":[],"recent-posts-widget-2":{"title":"Popular News","number":"5","orderby":"meta_value_num","cat":"0","show_thumb":null,"numbered":"on","layout_style":"small","excerpt_size":"20","popularity":"likes"},"widget-player-featured-1":{"title":"","caption":"","id":44,"team":0,"style_type":"style_type1","stat_type":"stat_compact","columns":["avg","recavg","tdavg"],"performance":[],"progress_bars":["cmppercent","fgpercent"],"add_link":"on"},"widget-game-result-1":{"title":"","id":0,"caption":"Last Game Results","date":"0","date_from":"2018-02-07","date_to":"2018-02-07","day":"","number":1,"layout_style":"vertical","date_past":"7","date_future":"7","date_relative":null,"show_stats":"on","expand_btn":"on","performance":["att","yds","recyds","td"],"order":"DESC","team":0},"tabbed-widget-1":{"title":"Top Trending News","posts_newest_count":"5","posts_commented_count":"5","posts_popular_count":"5","show_thumb":"on","show_excerpt":null,"excerpt_size":"20","popularity":"likes"}},"home-sidebar-2":{"sportspress-league-table-2":{"title":"","id":63,"caption":"League Table 2017","number":8,"columns":["w","l","t","pf","pa"],"show_team_logo":"1","show_full_table_link":"1","align":"none"},"df-social-count-4":[],"recent-posts-widget-7":{"title":"Popular News","number":"5","orderby":"date","popularity":"likes","cat":"0","show_thumb":null,"numbered":"on","layout_style":"small","excerpt_size":"20"},"widget-player-featured-2":{"title":"","caption":"","id":44,"team":0,"style_type":"style_type1","stat_type":"stat_compact","columns":["avg","recavg","tdavg"],"performance":[],"add_link":"on","progress_bars":["cmppercent","fgpercent"]},"widget-game-result-2":{"title":"","id":0,"caption":"Last Game Results","date":"default","date_from":"2019-10-21","date_to":"2019-10-21","date_past":"7","date_future":"7","date_relative":null,"day":"","number":1,"layout_style":"vertical","show_stats":"on","expand_btn":"on","performance":[],"order":"DESC","team":0},"sportspress-event-calendar-2":{"title":"Events Calendar","id":0,"status":"default","date":"default","date_from":"2019-10-21","date_to":"2019-10-21","date_past":"7","date_future":"7","date_relative":null,"day":"","show_all_events_link":null,"align":"none"},"sportspress-countdown-2":{"title":"Buy Tickets","calendar":0,"team":40,"caption":"","id":0,"show_venue":1,"show_league":1,"show_date":1,"align":"none"}},"megamenu-sidebar-1":{"recent-posts-widget-3":{"title":"","number":"3","orderby":"date","cat":"0","show_thumb":"on","numbered":null,"layout_style":"small","excerpt_size":"20"}},"megamenu-sidebar-2":{"recent-posts-widget-4":{"title":"","number":"1","orderby":"date","cat":"0","show_thumb":"on","numbered":null,"layout_style":"xlarge","excerpt_size":"20","popularity":"likes"}},"alchemists-footer-widget-1":{"recent-posts-widget-5":{"title":"Popular News","number":"3","orderby":"meta_value_num","cat":"0","show_thumb":null,"layout_style":"small","excerpt_size":"20","numbered":"on"}},"alchemists-footer-widget-2":{"recent-posts-widget-6":{"title":"Latest News","number":"3","orderby":"date","cat":"0","show_thumb":"on","layout_style":"xsmall","excerpt_size":"20","numbered":null}},"alchemists-footer-widget-3":{"twitter-widget-2":{"title":"Twitter","twitter_id":"danfisher_dev","count":"1","consumer_key":"zpnxGtJe8fG68nWCfx2FpA","consumer_secret":"39xqyA4j7aAaFcQzWLvyj7Cc7LsStTgFcWNLKXgmw","access_token":"934210122-xOoJ8oucNVyxPX2tug0xBCy4qZfYVMUw6Q6pJm5I","access_token_secret":"UjwPG8il8dmrMg8ujkWe4Ddgvg38Q2ItiHTiROnss","cachetime":"1","exclude_replies":"on"},"tag_cloud-2":{"title":"Tag Cloud","count":0,"taxonomy":"post_tag"}},"alchemists-footer-widget-4":{"text-2":{"title":"Quick Contact","text":"[contact-form-7 id=\"78\" title=\"Quick Contact\"]","filter":true,"visual":true}},"alchemists-shop-sidebar":{"woocommerce_product_categories-1":{"title":"Categories","orderby":"name","dropdown":0,"count":0,"hierarchical":1,"show_children_only":0,"hide_empty":0,"max_depth":""},"nm_color_filters-1":{"title":"Filter by Color","layout":"color","hide_empty":"","product_count":""},"woocommerce_layered_nav-1":{"title":"Filter by Size","attribute":"size","display_type":"list","query_type":"and"},"woocommerce_price_filter-1":{"title":"Filter by Price"},"woocommerce_top_rated_products-1":{"title":"Hot Products","number":3}}}